{
"00image_counts.bdb!main": [1498061089.318225, "-", "-", "-", 16384], 
"stack.bdb!main": [1498061089.329381, "-", "-", "-", 2854912]
}